{
  "epochs": [
    1,
    2,
    3,
    4,
    5,
    6,
    7,
    8,
    9,
    10,
    11,
    12,
    13,
    14,
    15,
    16
  ],
  "generator_total_loss": [
    0.9615968078351833,
    0.9804954081325968,
    0.9671547704984714,
    0.922186327444245,
    0.8894830308211682,
    0.8267808083306979,
    0.7519573924100746,
    0.7844988121319668,
    0.7927961936066199,
    0.7169527153943428,
    0.7390706792858892,
    0.7438739055449884,
    0.7145009980218507,
    0.7385714219150149,
    0.6913605497289116,
    0.7015657592157013
  ],
  "generator_adversarial_loss": [
    0.02303103146481759,
    0.03348889800494447,
    0.037834749241275216,
    0.03673711225523751,
    0.037393759638395994,
    0.03037105678780163,
    0.020508605109515868,
    0.030257151744063668,
    0.03458206429786651,
    0.0214273415766871,
    0.028349324716672956,
    0.03115945057898498,
    0.02672412941778905,
    0.033767670583047,
    0.02544592992391422,
    0.02892172465898622
  ],
  "generator_l1_loss": [
    0.0605655146021047,
    0.058178293724815186,
    0.05380739972659021,
    0.0484468059682217,
    0.04354333151161474,
    0.039489593884566916,
    0.03587313468711768,
    0.03414196590512898,
    0.03265499703583307,
    0.030644866752490917,
    0.02960181620464445,
    0.02856479895250287,
    0.027404572999840927,
    0.026711017531928394,
    0.025476566892244843,
    0.02489532362035427
  ],
  "generator_perceptual_loss": [
    0.0534225627718815,
    0.05309665042714368,
    0.052998413971081244,
    0.05225171464702373,
    0.05184292787275753,
    0.05055214884529591,
    0.04873914189314793,
    0.04970930093158939,
    0.04997127677022983,
    0.04820468587242809,
    0.048658242684748276,
    0.04881370740403628,
    0.0481395661379912,
    0.04851664227634492,
    0.047456556395086606,
    0.047626461099213924
  ],
  "discriminator_total_loss": [
    0.061445755231397864,
    0.05623896194427932,
    0.05618211793544311,
    0.05591394377344116,
    0.05560961990398358,
    0.060461855649292746,
    0.06137310574906695,
    0.057003423560072014,
    0.056023157735296744,
    0.06099590826207073,
    0.056734823766301616,
    0.05623409253703191,
    0.057495544064283685,
    0.055920333214516144,
    0.057964042612741136,
    0.056487141935342065
  ],
  "discriminator_real_loss": [
    0.07736932543194976,
    0.13836188935813462,
    0.17522276241292792,
    0.16706115255082182,
    0.1710658291364131,
    0.13304502735651236,
    0.07067019687875954,
    0.1291811752110762,
    0.15516064372419833,
    0.07641935822228246,
    0.11570186684848623,
    0.13391758517618138,
    0.10626603767415625,
    0.14988469373489316,
    0.09871638172292607,
    0.11883825390281058
  ],
  "discriminator_fake_loss": [
    0.4141967165519508,
    0.3115498060498886,
    0.2742341809877359,
    0.28025039750898745,
    0.2738111299207776,
    0.3506498179488275,
    0.42031464920457345,
    0.32684621327613683,
    0.2930246182883145,
    0.4115479079697985,
    0.33817672343049693,
    0.3159551550170823,
    0.3536983149378374,
    0.29747797197447917,
    0.36499595924645134,
    0.3330588814933366
  ],
  "improvement_percentages": {
    "total_generator": 27.041588168837915,
    "l1_component": 58.8952165536638,
    "perceptual_component": 10.849538793968726,
    "adversarial_component": -25.577200930697796
  }
}